{ "compressionlevel":-1,
 "height":10,
 "infinite":false,
 "layers":[
        {
         "data":[66, 65, 65, 67, 68, 67, 66, 65, 68, 65,
            68, 65, 68, 65, 68, 65, 68, 67, 67, 67,
            65, 66, 65, 68, 68, 67, 67, 68, 68, 65,
            67, 67, 68, 65, 65, 67, 67, 65, 66, 66,
            65, 65, 66, 66, 65, 66, 66, 66, 67, 68,
            66, 66, 66, 67, 67, 67, 68, 66, 65, 65,
            67, 67, 68, 68, 68, 67, 66, 68, 65, 68,
            67, 68, 67, 66, 67, 68, 65, 68, 66, 67,
            67, 67, 68, 65, 66, 65, 67, 66, 68, 68,
            67, 66, 68, 68, 67, 65, 66, 65, 65, 68],
         "height":10,
         "id":1,
         "locked":true,
         "name":"Ground",
         "opacity":1,
         "type":"tilelayer",
         "visible":true,
         "width":10,
         "x":0,
         "y":0
        }, 
        {
         "data":[0, 0, 0, 0, 0, 0, 0, 0, 0, 0,
            0, 0, 0, 0, 0, 0, 0, 0, 0, 0,
            0, 0, 0, 0, 0, 0, 0, 0, 0, 0,
            0, 0, 0, 0, 0, 0, 0, 0, 0, 0,
            0, 0, 0, 0, 0, 0, 0, 0, 0, 0,
            0, 0, 0, 0, 0, 0, 0, 0, 0, 0,
            0, 0, 0, 0, 0, 0, 0, 0, 0, 0,
            0, 0, 0, 0, 0, 0, 0, 0, 0, 0,
            0, 0, 0, 0, 166, 167, 168, 0, 0, 0,
            0, 0, 0, 0, 181, 182, 183, 0, 0, 0],
         "height":10,
         "id":2,
         "locked":true,
         "name":"Water",
         "opacity":1,
         "type":"tilelayer",
         "visible":true,
         "width":10,
         "x":0,
         "y":0
        }, 
        {
         "data":[12, 0, 0, 0, 0, 0, 0, 0, 0, 12,
            12, 0, 0, 0, 0, 0, 0, 0, 0, 12,
            12, 0, 0, 0, 0, 0, 0, 0, 0, 12,
            12, 0, 0, 0, 0, 0, 10, 11, 0, 12,
            12, 0, 0, 0, 0, 0, 0, 0, 0, 12,
            12, 0, 0, 0, 0, 0, 0, 0, 0, 12,
            12, 0, 0, 0, 0, 0, 0, 0, 0, 12,
            12, 0, 0, 0, 0, 0, 0, 0, 0, 12,
            12, 0, 0, 0, 0, 0, 0, 0, 0, 12,
            12, 0, 0, 0, 0, 0, 0, 0, 0, 12],
         "height":10,
         "id":7,
         "locked":true,
         "name":"Tree Bottom",
         "opacity":1,
         "type":"tilelayer",
         "visible":true,
         "width":10,
         "x":0,
         "y":0
        }, 
        {
         "data":[4, 0, 0, 0, 0, 0, 0, 0, 0, 4,
            4, 0, 0, 0, 0, 0, 0, 0, 0, 4,
            4, 0, 0, 0, 0, 0, 2, 3, 0, 4,
            4, 0, 0, 0, 0, 0, 0, 0, 0, 4,
            4, 0, 0, 0, 0, 0, 0, 0, 0, 4,
            4, 0, 0, 0, 0, 0, 0, 0, 0, 4,
            4, 0, 0, 0, 0, 0, 0, 0, 0, 4,
            4, 0, 0, 0, 0, 0, 0, 0, 0, 4,
            4, 0, 0, 0, 0, 0, 0, 0, 0, 4,
            4, 0, 0, 0, 0, 0, 0, 0, 0, 4],
         "height":10,
         "id":8,
         "locked":true,
         "name":"Tree Top",
         "opacity":1,
         "type":"tilelayer",
         "visible":true,
         "width":10,
         "x":0,
         "y":0
        }, 
        {
         "data":[0, 0, 0, 0, 0, 0, 0, 0, 0, 0,
            0, 0, 1, 0, 0, 0, 0, 0, 0, 0,
            0, 0, 0, 0, 0, 0, 0, 0, 0, 0,
            0, 0, 0, 0, 0, 0, 0, 0, 0, 0,
            0, 0, 0, 0, 0, 0, 0, 0, 0, 0,
            0, 0, 0, 0, 0, 0, 0, 0, 0, 0,
            0, 0, 0, 0, 0, 0, 0, 0, 0, 0,
            0, 0, 1, 1, 1, 0, 0, 0, 1, 0,
            0, 0, 0, 0, 0, 0, 0, 0, 0, 0,
            0, 0, 0, 0, 0, 0, 0, 0, 0, 0],
         "height":10,
         "id":9,
         "locked":true,
         "name":"Decorations",
         "opacity":1,
         "type":"tilelayer",
         "visible":true,
         "width":10,
         "x":0,
         "y":0
        }, 
        {
         "data":[0, 0, 0, 0, 0, 0, 0, 0, 0, 0,
            0, 0, 0, 0, 0, 0, 0, 0, 0, 0,
            0, 69, 70, 71, 72, 0, 0, 0, 0, 0,
            0, 73, 74, 75, 76, 0, 0, 0, 0, 0,
            0, 77, 78, 79, 80, 0, 0, 0, 0, 0,
            0, 0, 0, 0, 0, 0, 0, 0, 0, 0,
            0, 0, 0, 0, 0, 0, 0, 0, 0, 0,
            0, 0, 0, 0, 0, 0, 0, 0, 0, 0,
            0, 0, 0, 0, 0, 0, 0, 0, 0, 0,
            0, 0, 0, 0, 0, 0, 0, 0, 0, 0],
         "height":10,
         "id":11,
         "locked":true,
         "name":"Building",
         "opacity":1,
         "type":"tilelayer",
         "visible":true,
         "width":10,
         "x":0,
         "y":0
        }, 
        {
         "data":[0, 29, 29, 29, 29, 29, 29, 29, 29, 0,
            0, 0, 0, 0, 0, 0, 0, 0, 0, 0,
            0, 0, 0, 0, 0, 0, 0, 0, 0, 0,
            0, 0, 0, 0, 0, 0, 0, 0, 0, 0,
            0, 0, 0, 0, 0, 0, 0, 0, 0, 0,
            0, 0, 0, 0, 0, 0, 0, 0, 0, 0,
            0, 0, 0, 0, 0, 0, 0, 0, 0, 0,
            0, 0, 0, 0, 0, 0, 0, 0, 0, 0,
            0, 0, 0, 0, 0, 0, 0, 0, 0, 0,
            0, 29, 29, 29, 0, 0, 0, 29, 29, 0],
         "height":10,
         "id":10,
         "locked":true,
         "name":"Fence",
         "opacity":1,
         "type":"tilelayer",
         "visible":true,
         "width":10,
         "x":0,
         "y":0
        }, 
        {
         "data":[205, 205, 205, 205, 205, 205, 205, 205, 205, 205,
            205, 0, 0, 0, 0, 0, 0, 0, 0, 205,
            205, 0, 0, 0, 0, 0, 0, 0, 0, 205,
            205, 205, 205, 205, 205, 0, 205, 205, 0, 205,
            205, 205, 205, 205, 205, 0, 0, 0, 0, 205,
            205, 0, 0, 0, 0, 0, 0, 0, 205, 205,
            205, 0, 0, 0, 0, 0, 0, 0, 0, 205,
            205, 0, 0, 0, 0, 0, 0, 0, 0, 205,
            205, 0, 0, 0, 205, 205, 205, 0, 0, 205,
            205, 205, 205, 205, 205, 205, 205, 205, 205, 205],
         "height":10,
         "id":12,
         "locked":true,
         "name":"Collision",
         "opacity":0.51,
         "type":"tilelayer",
         "visible":true,
         "width":10,
         "x":0,
         "y":0
        }, 
        {
         "data":[0, 0, 0, 0, 0, 0, 0, 0, 0, 0,
            0, 0, 0, 0, 0, 0, 0, 0, 0, 0,
            0, 69, 70, 71, 72, 0, 2, 3, 0, 0,
            0, 0, 0, 0, 0, 0, 0, 0, 0, 0,
            0, 0, 0, 0, 0, 0, 0, 0, 0, 0,
            0, 0, 0, 0, 0, 0, 0, 0, 0, 0,
            0, 0, 0, 0, 0, 0, 0, 0, 0, 0,
            0, 0, 0, 0, 0, 0, 0, 0, 0, 0,
            0, 0, 0, 0, 0, 0, 0, 0, 0, 0,
            0, 0, 0, 0, 0, 0, 0, 0, 0, 0],
         "height":10,
         "id":13,
         "locked":true,
         "name":"Foreground",
         "opacity":1,
         "type":"tilelayer",
         "visible":true,
         "width":10,
         "x":0,
         "y":0
        }, 
        {
         "data":[0, 0, 0, 0, 0, 0, 0, 0, 0, 0,
            0, 0, 0, 0, 0, 0, 0, 0, 0, 0,
            0, 0, 0, 0, 0, 0, 0, 0, 0, 0,
            0, 0, 0, 0, 0, 0, 0, 0, 0, 0,
            0, 0, 0, 0, 0, 0, 0, 0, 0, 0,
            0, 0, 0, 0, 0, 0, 0, 0, 0, 0,
            0, 0, 0, 0, 81, 81, 81, 0, 0, 0,
            0, 0, 0, 0, 81, 81, 81, 0, 0, 0,
            0, 0, 0, 0, 0, 0, 0, 0, 0, 0,
            0, 0, 0, 0, 0, 0, 0, 0, 0, 0],
         "height":10,
         "id":14,
         "locked":true,
         "name":"Grass",
         "opacity":1,
         "type":"tilelayer",
         "visible":true,
         "width":10,
         "x":0,
         "y":0
        },
    
        {
         "data":[0, 0, 0, 0, 0, 0, 0, 0, 0, 0,
            0, 0, 0, 0, 0, 0, 0, 0, 0, 0,
            0, 0, 0, 0, 0, 0, 0, 0, 0, 0,
            0, 0, 0, 0, 0, 0, 0, 0, 0, 0,
            0, 0, 0, 0, 0, 0, 0, 0, 0, 0,
            0, 0, 0, 0, 0, 0, 0, 0, 0, 0,
            0, 0, 0, 0, 206, 206, 206, 0, 0, 0,
            0, 0, 0, 0, 206, 206, 206, 0, 0, 0,
            0, 0, 0, 0, 0, 0, 0, 0, 0, 0,
            0, 0, 0, 0, 0, 0, 0, 0, 0, 0],
         "height":10,
         "id":15,
         "locked":true,
         "name":"Encounter",
         "opacity":0.53,
         "type":"tilelayer",
         "visible":true,
         "width":10,
         "x":0,
         "y":0
        }, 
        {
         "data":[0, 0, 0, 0, 0, 0, 0, 0, 0, 0,
            0, 0, 0, 0, 0, 0, 0, 0, 0, 0,
            0, 0, 0, 0, 0, 0, 0, 0, 0, 0,
            0, 0, 0, 0, 0, 0, 0, 0, 0, 0,
            0, 0, 0, 0, 0, 0, 0, 0, 0, 0,
            0, 0, 0, 0, 0, 0, 0, 0, 14, 0,
            0, 0, 0, 0, 0, 0, 0, 0, 0, 0,
            0, 0, 0, 0, 0, 0, 0, 0, 0, 0,
            0, 0, 0, 0, 0, 0, 0, 0, 0, 0,
            0, 0, 0, 0, 0, 0, 0, 0, 0, 0],
         "height":10,
         "id":16,
         "locked":true,
         "name":"Signs",
         "opacity":1,
         "type":"tilelayer",
         "visible":true,
         "width":10,
         "x":0,
         "y":0
        }, 
        {
         "draworder":"topdown",
         "id":17,
         "locked":true,
         "name":"Signs",
         "objects":[
                {
                 "gid":14,
                 "height":64,
                 "id":3,
                 "name":"",
                 "properties":[
                        {
                         "name":"message",
                         "type":"string",
                         "value":"Welcome"
                        }],
                 "rotation":0,
                 "type":"sign",
                 "visible":true,
                 "width":64,
                 "x":512,
                 "y":384
                }],
         "opacity":1,
         "type":"objectgroup",
         "visible":true,
         "x":0,
         "y":0
        }, 
        {
         "id":18,
         "layers":[
                {
                 "draworder":"topdown",
                 "id":19,
                 "locked":true,
                 "name":"NPC1",
                 "objects":[
                        {
                         "gid":206,
                         "height":64,
                         "id":5,
                         "name":"npc",
                         "properties":[
                                {
                                 "name":"frame",
                                 "type":"string",
                                 "value":"0"
                                }, 
                                {
                                 "name":"messages",
                                 "type":"string",
                                 "value":"Hi there.::The weather is nice today."
                                }],
                         "rotation":0,
                         "type":"npc",
                         "visible":true,
                         "width":64,
                         "x":64,
                         "y":512
                        }],
                 "opacity":1,
                 "type":"objectgroup",
                 "visible":true,
                 "x":0,
                 "y":0
                }, 
                {
                 "draworder":"topdown",
                 "id":20,
                 "name":"NPC2",
                 "objects":[
                        {
                         "gid":206,
                         "height":64,
                         "id":6,
                         "name":"npc",
                         "properties":[
                                {
                                 "name":"frame",
                                 "type":"string",
                                 "value":"20"
                                }, 
                                {
                                 "name":"messages",
                                 "type":"string",
                                 "value":"Hi"
                                }, 
                                {
                                 "name":"movement_pattern",
                                 "propertytype":"npc_movement",
                                 "type":"string",
                                 "value":"CLOCKWISE"
                                }],
                         "rotation":0,
                         "type":"npc",
                         "visible":true,
                         "width":64,
                         "x":320,
                         "y":128
                        }, 
                        {
                         "gid":206,
                         "height":64,
                         "id":7,
                         "name":"1",
                         "rotation":0,
                         "type":"npc_path",
                         "visible":true,
                         "width":64,
                         "x":384,
                         "y":128
                        }, 
                        {
                         "gid":206,
                         "height":64,
                         "id":8,
                         "name":"2",
                         "rotation":0,
                         "type":"npc_path",
                         "visible":true,
                         "width":64,
                         "x":448,
                         "y":128
                        }, 
                        {
                         "gid":206,
                         "height":64,
                         "id":9,
                         "name":"3",
                         "rotation":0,
                         "type":"npc_path",
                         "visible":true,
                         "width":64,
                         "x":448,
                         "y":192
                        }, 
                        {
                         "gid":206,
                         "height":64,
                         "id":10,
                         "name":"4",
                         "rotation":0,
                         "type":"npc_path",
                         "visible":true,
                         "width":64,
                         "x":384,
                         "y":192
                        }, 
                        {
                         "gid":206,
                         "height":64,
                         "id":11,
                         "name":"",
                         "rotation":0,
                         "type":"",
                         "visible":true,
                         "width":64,
                         "x":320,
                         "y":192
                        }, 
                        {
                         "gid":206,
                         "height":64,
                         "id":13,
                         "name":"5",
                         "rotation":0,
                         "type":"npc_path",
                         "visible":true,
                         "width":64,
                         "x":320,
                         "y":192
                        }],
                 "opacity":1,
                 "type":"objectgroup",
                 "visible":true,
                 "x":0,
                 "y":0
                }],
         "locked":true,
         "name":"NPCS",
         "opacity":0.57,
         "type":"group",
         "visible":true,
         "x":0,
         "y":0
        }],
 "nextlayerid":21,
 "nextobjectid":14,
 "orientation":"orthogonal",
 "renderorder":"right-down",
 "tiledversion":"1.10.0",
 "tileheight":64,
 "tilesets":[
        {
         "columns":8,
         "firstgid":1,
         "image":"..\/monster_tamer_tiled_project\/BasicPlains-tileset-Ver.2_by_AxulArt_scaled_4x_pngcrushed.png",
         "imageheight":512,
         "imagewidth":512,
         "margin":0,
         "name":"BasicPlains-tileset-Ver.2_by_AxulArt_scaled_4x_pngcrushed",
         "spacing":0,
         "tilecount":64,
         "tileheight":64,
         "tilewidth":64
        }, 
        {
         "columns":2,
         "firstgid":65,
         "image":"..\/monster_tamer_tiled_project\/grass.png",
         "imageheight":128,
         "imagewidth":128,
         "margin":0,
         "name":"grass",
         "spacing":0,
         "tilecount":4,
         "tileheight":64,
         "tilewidth":64
        }, 
        {
         "columns":4,
         "firstgid":69,
         "image":"..\/monster_tamer_tiled_project\/house2_scaled_4x_pngcrushed.png",
         "imageheight":192,
         "imagewidth":256,
         "margin":0,
         "name":"house2_scaled_4x_pngcrushed",
         "spacing":0,
         "tilecount":12,
         "tileheight":64,
         "tilewidth":64
        }, 
        {
         "columns":2,
         "firstgid":81,
         "image":"..\/monster_tamer_tiled_project\/bushes.png",
         "imageheight":128,
         "imagewidth":128,
         "margin":0,
         "name":"bushes",
         "spacing":0,
         "tilecount":4,
         "tileheight":64,
         "tilewidth":64
        }, 
        {
         "columns":15,
         "firstgid":85,
         "image":"..\/monster_tamer_tiled_project\/Beach-and-caves-tileset_by_AxulArt_scaled_4x_pngcrushed.png",
         "imageheight":512,
         "imagewidth":960,
         "margin":0,
         "name":"Beach-and-caves-tileset_by_AxulArt_scaled_4x_pngcrushed",
         "spacing":0,
         "tilecount":120,
         "tileheight":64,
         "tilewidth":64
        }, 
        {
         "columns":1,
         "firstgid":205,
         "image":"..\/monster_tamer_tiled_project\/collision.png",
         "imageheight":64,
         "imagewidth":64,
         "margin":0,
         "name":"collision",
         "spacing":0,
         "tilecount":1,
         "tileheight":64,
         "tilewidth":64
        }, 
        {
         "columns":1,
         "firstgid":206,
         "image":"..\/monster_tamer_tiled_project\/encounter.png",
         "imageheight":64,
         "imagewidth":64,
         "margin":0,
         "name":"encounter",
         "spacing":0,
         "tilecount":1,
         "tileheight":64,
         "tilewidth":64
        }],
 "tilewidth":64,
 "type":"map",
 "version":"1.10",
 "width":10
}